{
    "wavelength(m)": [
        2e-06,
        1.8e-06,
        1.696e-06,
        1.6e-06,
        1.532e-06,
        1.4e-06,
        1.372e-06,
        1.2e-06,
        1.144e-06,
        1.127e-06,
        1.078e-06,
        1.033e-06,
        9.919e-07,
        9.537e-07,
        9.184e-07,
        8.856e-07,
        8.551e-07,
        8.266e-07,
        8.157e-07,
        8.051e-07,
        7.948e-07,
        7.847e-07,
        7.749e-07,
        7.653e-07,
        7.56e-07,
        7.469e-07,
        7.38e-07,
        7.293e-07,
        7.208e-07,
        7.126e-07,
        7.045e-07,
        6.965e-07,
        6.888e-07,
        6.812e-07,
        6.738e-07,
        6.666e-07,
        6.526e-07,
        6.391e-07,
        6.262e-07,
        6.138e-07,
        6.019e-07,
        5.904e-07,
        5.794e-07,
        5.74e-07,
        5.687e-07
    ],
    "Re(index)": [
        3.449,
        3.4578,
        3.4644,
        3.471,
        3.4784,
        3.4876,
        3.5007,
        3.5193,
        3.5295,
        3.5362,
        3.5491,
        3.5628,
        3.5773,
        3.5926,
        3.6087,
        3.6254,
        3.6429,
        3.673,
        3.681,
        3.688,
        3.697,
        3.705,
        3.714,
        3.721,
        3.728,
        3.736,
        3.745,
        3.752,
        3.761,
        3.768,
        3.778,
        3.787,
        3.796,
        3.805,
        3.815,
        3.826,
        3.847,
        3.87,
        3.893,
        3.918,
        3.943,
        3.969,
        3.997,
        4.012,
        4.026
    ],
    "Im(index)": [
        0.0,
        0.0,
        0.0,
        0.0,
        0.0,
        0.0,
        0.0,
        0.0,
        0.0,
        1.39e-05,
        5.55e-05,
        0.000221,
        0.000587,
        0.00111,
        0.00175,
        0.00247,
        0.00329,
        0.005,
        0.006,
        0.006,
        0.007,
        0.007,
        0.008,
        0.008,
        0.009,
        0.009,
        0.01,
        0.01,
        0.011,
        0.011,
        0.012,
        0.013,
        0.013,
        0.013,
        0.014,
        0.015,
        0.016,
        0.018,
        0.022,
        0.024,
        0.025,
        0.03,
        0.027,
        0.03,
        0.034
    ]
}