{
    "wavelength(m)": [
        1.97009e-06,
        1.81307e-06,
        1.70913e-06,
        1.6932e-06,
        1.681e-06,
        1.6606e-06,
        1.52952e-06,
        1.4695e-06,
        1.39506e-06,
        1.3622e-06,
        1.12866e-06,
        1.08297e-06,
        1.01398e-06,
        8.9435e-07,
        8.52111e-07,
        7.06519e-07,
        6.67815e-07,
        6.56272e-07,
        6.43847e-07,
        5.89262e-07,
        5.87561e-07,
        5.79065e-07,
        5.76959e-07,
        5.46074e-07,
        5.08582e-07,
        4.86133e-07,
        4.67816e-07,
        4.35835e-07,
        4.04656e-07,
        3.65015e-07,
        3.61051e-07,
        3.4662e-07,
        3.40365e-07,
        3.34148e-07,
        3.30259e-07,
        3.0215e-07,
        2.96728e-07,
        2.8936e-07,
        2.80347e-07,
        2.75278e-07,
        2.69885e-07,
        2.65204e-07,
        2.48272e-07,
        2.39938e-07,
        2.37833e-07,
        2.30209e-07,
        2.26747e-07,
        2.14438e-07,
        2.13856e-07,
        2.066e-07,
        1.984e-07
    ],
    "Re(index)": [
        1.43851,
        1.44069,
        1.44205,
        1.44226,
        1.44241,
        1.44267,
        1.44427,
        1.44497,
        1.44584,
        1.44621,
        1.44888,
        1.44941,
        1.45025,
        1.45185,
        1.45248,
        1.45515,
        1.45608,
        1.45637,
        1.45671,
        1.45841,
        1.45847,
        1.45877,
        1.45885,
        1.46008,
        1.46187,
        1.46313,
        1.46429,
        1.46669,
        1.46961,
        1.47453,
        1.47512,
        1.47746,
        1.47858,
        1.47976,
        1.48053,
        1.48719,
        1.48873,
        1.49099,
        1.49404,
        1.49592,
        1.49805,
        1.50004,
        1.50841,
        1.51338,
        1.51474,
        1.52009,
        1.52276,
        1.53371,
        1.53429,
        1.543,
        1.554
    ],
    "Im(index)": [
        0.0,
        0.0,
        0.0,
        0.0,
        0.0,
        0.0,
        0.0,
        0.0,
        0.0,
        0.0,
        0.0,
        0.0,
        0.0,
        0.0,
        0.0,
        0.0,
        0.0,
        0.0,
        0.0,
        0.0,
        0.0,
        0.0,
        0.0,
        0.0,
        0.0,
        0.0,
        0.0,
        0.0,
        0.0,
        0.0,
        0.0,
        0.0,
        0.0,
        0.0,
        0.0,
        0.0,
        0.0,
        0.0,
        0.0,
        0.0,
        0.0,
        0.0,
        0.0,
        0.0,
        0.0,
        0.0,
        0.0,
        0.0,
        0.0,
        0.0,
        0.0
    ]
}