{
    "name": null,
    "frequency_range": null,
    "allow_gain": false,
    "nonlinear_spec": null,
    "type": "PoleResidue",
    "eps_inf": 1.0,
    "poles": [
        [
            {
                "real": -2.195613075604907,
                "imag": -8173177376642.616
            },
            {
                "real": -0.1481687350520931,
                "imag": 5692186527705453.0
            }
        ],
        [
            {
                "real": -26.27602381601276,
                "imag": -1.391788056240773e+16
            },
            {
                "real": 70.84166613734145,
                "imag": 2.1050095837632636e+16
            }
        ]
    ]
}