{
    "name": null,
    "frequency_range": null,
    "allow_gain": false,
    "nonlinear_spec": null,
    "type": "PoleResidue",
    "eps_inf": 1.283208188223842,
    "poles": [
        [
            {
                "real": -34.36444620255504,
                "imag": -184328882135933.16
            },
            {
                "real": -0.013623187354596729,
                "imag": 88728066119468.11
            }
        ],
        [
            {
                "real": -843.4077160855832,
                "imag": -1.8261619194588772e+16
            },
            {
                "real": 713.5479778447885,
                "imag": 7496484952876039.0
            }
        ]
    ]
}