{
    "name": null,
    "frequency_range": null,
    "allow_gain": false,
    "nonlinear_spec": null,
    "type": "PoleResidue",
    "eps_inf": 10.668584977209694,
    "poles": [
        [
            {
                "real": -117.29591008315829,
                "imag": -2515133377590656.5
            },
            {
                "real": 117.27958771670987,
                "imag": 1333220169006937.8
            }
        ],
        [
            {
                "real": -30.351465065567805,
                "imag": -1419658090709608.8
            },
            {
                "real": 2.3776823721446445,
                "imag": 2909149127439.7817
            }
        ]
    ]
}