{
    "wavelength(m)": [
        2.024e-06,
        1.972e-06,
        1.92e-06,
        1.868e-06,
        1.816e-06,
        1.764e-06,
        1.712e-06,
        1.66e-06,
        1.609e-06,
        1.557e-06,
        1.505e-06,
        1.453e-06,
        1.401e-06,
        1.349e-06,
        1.297e-06,
        1.245e-06,
        1.193e-06,
        1.141e-06,
        1.089e-06,
        1.037e-06,
        9.852e-07,
        9.333e-07,
        8.813e-07,
        8.294e-07,
        7.775e-07,
        7.255e-07,
        6.736e-07,
        6.216e-07,
        5.697e-07,
        5.178e-07,
        4.658e-07,
        4.139e-07,
        3.619e-07,
        3.1e-07
    ],
    "Re(index)": [
        1.98269,
        1.984245,
        1.985781,
        1.987297,
        1.988795,
        1.990278,
        1.991747,
        1.993207,
        1.994633,
        1.996084,
        1.997539,
        1.999001,
        2.00048,
        2.001982,
        2.003518,
        2.0051,
        2.006742,
        2.0084632,
        2.010287,
        2.012241,
        2.014355,
        2.016689,
        2.019305,
        2.022278,
        2.025726,
        2.029817,
        2.034761,
        2.040907,
        2.048735,
        2.0590472,
        2.073192,
        2.093455,
        2.124453,
        2.175939
    ],
    "Im(index)": [
        0.0,
        0.0,
        0.0,
        0.0,
        0.0,
        0.0,
        0.0,
        0.0,
        0.0,
        0.0,
        0.0,
        0.0,
        0.0,
        0.0,
        0.0,
        0.0,
        0.0,
        0.0,
        0.0,
        0.0,
        0.0,
        0.0,
        0.0,
        0.0,
        0.0,
        0.0,
        0.0,
        0.0,
        0.0,
        0.0,
        0.0,
        0.0,
        0.0,
        0.0
    ]
}